,precision,recall,f1-score,support
0,0.9857142857142858,0.9583333333333334,0.971830985915493,144.0
1,0.4,0.6666666666666666,0.5,6.0
accuracy,0.9466666666666667,0.9466666666666667,0.9466666666666667,0.9466666666666667
macro avg,0.6928571428571428,0.8125,0.7359154929577465,150.0
weighted avg,0.9622857142857144,0.9466666666666667,0.9529577464788732,150.0
