,precision,recall,f1-score,support
0,0.912751677852349,0.9927007299270073,0.951048951048951,137.0
1,0.0,0.0,0.0,13.0
accuracy,0.9066666666666666,0.9066666666666666,0.9066666666666666,0.9066666666666666
macro avg,0.4563758389261745,0.49635036496350365,0.4755244755244755,150.0
weighted avg,0.8336465324384787,0.9066666666666666,0.8686247086247086,150.0
