,precision,recall,f1-score,support
0,1.0,0.9666666666666667,0.9830508474576272,150.0
1,0.0,0.0,0.0,0.0
accuracy,0.9666666666666667,0.9666666666666667,0.9666666666666667,0.9666666666666667
macro avg,0.5,0.48333333333333334,0.4915254237288136,150.0
weighted avg,1.0,0.9666666666666667,0.9830508474576272,150.0
