,precision,recall,f1-score,support
0,0.9637681159420289,0.9236111111111112,0.9432624113475178,144.0
1,0.08333333333333333,0.16666666666666666,0.1111111111111111,6.0
accuracy,0.8933333333333333,0.8933333333333333,0.8933333333333333,0.8933333333333333
macro avg,0.5235507246376812,0.545138888888889,0.5271867612293144,150.0
weighted avg,0.9285507246376811,0.8933333333333333,0.9099763593380614,150.0
