,precision,recall,f1-score,support
0_0_0_0,0.864,0.8503937007874016,0.8571428571428571,127.0
0_0_0_1,0.0,0.0,0.0,12.0
0_0_1_0,0.09090909090909091,0.2,0.125,5.0
0_1_0_0,0.0,0.0,0.0,0.0
0_1_1_0,0.0,0.0,0.0,0.0
1_0_0_0,0.25,0.5,0.3333333333333333,4.0
1_0_0_1,0.0,0.0,0.0,1.0
1_0_1_0,0.0,0.0,0.0,1.0
1_1_0_0,0.0,0.0,0.0,0.0
accuracy,0.74,0.74,0.74,0.74
macro avg,0.13387878787878787,0.17226596675415573,0.14616402116402116,150.0
weighted avg,0.7412169696969696,0.74,0.7387698412698411,150.0
